<?xml version="1.0" encoding="UTF-8"?>
<beans xmlns="http://www.springframework.org/schema/beans"
	xmlns:xsi="http://www.w3.org/2001/XMLSchema-instance"
	xmlns:p="http://www.springframework.org/schema/p"
	xmlns:c="http://www.springframework.org/schema/c"
	xmlns:aop="http://www.springframework.org/schema/aop"
	xmlns:context="http://www.springframework.org/schema/context"
	xmlns:jee="http://www.springframework.org/schema/jee"
	xmlns:tx="http://www.springframework.org/schema/tx"
	xmlns:task="http://www.springframework.org/schema/task"
	xsi:schemaLocation="http://www.springframework.org/schema/aop http://www.springframework.org/schema/aop/spring-aop-3.2.xsd http://www.springframework.org/schema/beans http://www.springframework.org/schema/beans/spring-beans-3.2.xsd http://www.springframework.org/schema/context http://www.springframework.org/schema/context/spring-context-3.2.xsd http://www.springframework.org/schema/jee http://www.springframework.org/schema/jee/spring-jee-3.2.xsd http://www.springframework.org/schema/tx http://www.springframework.org/schema/tx/spring-tx-3.2.xsd http://www.springframework.org/schema/task http://www.springframework.org/schema/task/spring-task-3.2.xsd">
	<context:component-scan
		base-package="com.sat.cl" />
	<bean id="booka" class="com.sat.cl.Books">
		<property name="id" value="1000"></property>
		<property name="bname" value="Good Morning"></property>
		<property name="bauth" value="Amma Vinay"></property>
	</bean>
	<bean id="bact" class="com.sat.cl.BankAccount">
		<constructor-arg name="bankId" value="ABC123"></constructor-arg>
		<constructor-arg name="bankName"
			value="Union Bank of India"></constructor-arg>
		<constructor-arg name="actName" value="NPCI"></constructor-arg>
	</bean>
	<bean id="ledgehome" class="com.sat.cl.LedgerBook">
		<property name="leId" value="1211"></property>
		<property name="leCat" value="Detargemnts"></property>
		<constructor-arg name="item" value="Washing Power"></constructor-arg>
		<constructor-arg name="quantity" value="12299"></constructor-arg>
	</bean>
	<!-- Bean Inheritance -->
	<bean id="parbean" class="com.sat.cl.Person">
		<property name="pid" value="1234"></property>
		<property name="pname" value="Amma Vinay"></property>
		<property name="pemail" value="ammavinay@gmail.com"></property>
	</bean>
	<bean id="chldbean" class="com.sat.cl.Employee" parent="parbean">
		<property name="eOrg" value="HP Systems"></property>
	</bean>
	<bean id="tempchld" class="com.sat.cl.TempEmployee"
		parent="chldbean">
		<property name="tempName" value="Vinay Amma"></property>
	</bean>
	<bean id="base" abstract="true" class="com.sat.cl.BaseClass">
		<property name="emailId" value="ammavinay@gmail.com"></property>
		<property name="mobile" value="1234567890"></property>
	</bean>
	<bean id="chldbase" class="com.sat.cl.ChildClass" parent="base">
	</bean>
	<bean id="ifacea" class="com.sat.cl.IFaceA" abstract="true"></bean>
	<bean id="chldifacea" class="com.sat.cl.ChldIFaceA"></bean>
	<!-- Collection Injection -->
	<bean id="univ" class="com.sat.cl.University">
		<property name="uName" value="MRITS"></property>
		<property name="sList">
			<array>
				<bean id="studA" class="com.sat.cl.Student">
					<property name="sname" value="Vinay"></property>
					<property name="sbranch" value="CSE"></property>
				</bean>
				<bean id="studB" class="com.sat.cl.Student">
					<property name="sname" value="Vinay"></property>
					<property name="sbranch" value="CSE"></property>
				</bean>
				<bean id="studC" class="com.sat.cl.Student">
					<property name="sname" value="Vinay"></property>
					<property name="sbranch" value="CSE"></property>
				</bean>
				<bean id="studD" class="com.sat.cl.Student">
					<property name="sname" value="Vinay"></property>
					<property name="sbranch" value="CSE"></property>
				</bean>
				<bean id="studE" class="com.sat.cl.Student">
					<property name="sname" value="Vinay"></property>
					<property name="sbranch" value="CSE"></property>
				</bean>
			</array>
		</property>
	</bean>
	<!-- List Injection -->
	<bean id="DeptA" class="com.sat.cl.Department">
		<property name="deptId" value="1234"></property>
		<property name="deptName"
			value="Computer Science of EngineeringS"></property>
		<property name="lProfs">
			<list>
				<bean id="studA" class="com.sat.cl.Professor">
					<property name="pname" value="Vinay"></property>
					<property name="pbranch" value="CSE"></property>
				</bean>
				<bean id="studB" class="com.sat.cl.Professor">
					<property name="pname" value="Vinay"></property>
					<property name="pbranch" value="Mechanical Engg"></property>
				</bean>
				<bean id="studC" class="com.sat.cl.Professor">
					<property name="pname" value="Vinay"></property>
					<property name="pbranch" value="Civil Engg"></property>
				</bean>
				<bean id="studD" class="com.sat.cl.Professor">
					<property name="pname" value="Vinay"></property>
					<property name="pbranch" value="Electrical Engg"></property>
				</bean>
				<bean id="studE" class="com.sat.cl.Professor">
					<property name="pname" value="Vinay"></property>
					<property name="pbranch" value="Electrical"></property>
				</bean>
			</list>
		</property>
	</bean>

	<!-- Map Injection -->
	<bean id="firstCls" class="com.sat.cl.FirstCls">
		<property name="idenString" value="Testing Site Hazardous"></property>
		<property name="myMap">
			<map>
				<entry key="21" value="Terracota"></entry>
				<entry key="22" value="POP"></entry>
				<entry key="23" value="CEMENT"></entry>
				<entry key="24" value="Baked Lime"></entry>
				<entry key="25" value="PLP"></entry>
			</map>
		</property>
	</bean>

</beans>
